iteration,timestamp,current_simulations,replay_buffer_size,training_mode,opponent_games,self_play_games,initial_loss,final_loss,loss_reduction,loss_reduction_pct
1,2025-12-04T11:13:49.388815,25,1908,self-play (warm-up),0,50,3.234241008758545,2.1352429389953613,1.0989980697631836,33.980091984085966
2,2025-12-04T11:15:10.454435,25,3754,self-play (warm-up),0,50,2.5203046798706055,2.020691394805908,0.49961328506469727,19.823527252679142
3,2025-12-04T11:16:32.931290,25,5585,self-play (warm-up),0,50,2.466437339782715,2.1265382766723633,0.33989906311035156,13.780972969712483
4,2025-12-04T11:19:07.664956,50,7363,self-play (warm-up),0,50,2.3958003520965576,2.1693248748779297,0.22647547721862793,9.453019614945791
5,2025-12-04T11:21:41.973066,50,9095,self-play (warm-up),0,50,2.633718729019165,2.258007764816284,0.37571096420288086,14.265417186094167
6,2025-12-04T11:24:36.508553,50,10846,self-play (warm-up),0,50,2.5465385913848877,2.3890998363494873,0.1574387550354004,6.182460991089094
7,2025-12-04T11:27:18.246229,50,12688,self-play (warm-up),0,50,2.4426608085632324,2.380025625228882,0.06263518333435059,2.5642194411426473
8,2025-12-04T11:30:04.842737,50,14597,self-play (warm-up),0,50,2.3384058475494385,2.101367950439453,0.23703789710998535,10.136730429338952
9,2025-12-04T11:32:49.353367,50,16445,self-play (warm-up),0,50,2.180633068084717,2.2277371883392334,-0.0471041202545166,-2.1601121685221836
10,2025-12-04T11:35:18.651970,50,18178,self-play (warm-up),0,50,2.3159737586975098,2.2122764587402344,0.10369729995727539,4.477481645370376
11,2025-12-04T11:40:54.145888,100,19932,self-play (warm-up),0,50,2.237445116043091,2.1079089641571045,0.12953615188598633,5.789467234622957
12,2025-12-04T11:46:34.716842,100,21884,self-play (warm-up),0,50,2.2491650581359863,2.298748731613159,-0.04958367347717285,-2.204536892381999
13,2025-12-04T11:52:23.333543,100,23863,self-play (warm-up),0,50,2.2757081985473633,2.4378275871276855,-0.16211938858032227,-7.123909325624735
14,2025-12-04T11:57:32.534768,100,25636,self-play (warm-up),0,50,2.3590075969696045,2.2446725368499756,0.1143350601196289,4.846744040439057
15,2025-12-04T12:03:03.772229,100,27504,self-play (warm-up),0,50,2.592726707458496,2.601541519165039,-0.008814811706542969,-0.33998229281880743
16,2025-12-04T12:09:28.775926,100,29572,self-play (warm-up),0,50,2.4388256072998047,2.742785692214966,-0.30396008491516113,-12.463379259482874
17,2025-12-04T12:14:35.657233,100,31327,self-play (warm-up),0,50,2.702597141265869,2.494163751602173,0.2084333896636963,7.712336643931629
18,2025-12-04T12:19:53.770815,100,33159,self-play (warm-up),0,50,2.745225429534912,2.642685890197754,0.1025395393371582,3.7351955957412994
19,2025-12-04T12:25:04.867907,100,34951,self-play (warm-up),0,50,2.48521089553833,2.756873369216919,-0.27166247367858887,-10.931163796452902
20,2025-12-04T12:30:42.394088,100,36878,self-play (warm-up),0,50,2.666367769241333,2.473139524459839,0.19322824478149414,7.246871456013502
21,2025-12-04T12:37:04.626077,100,38898,self-play (warm-up),0,50,2.561453104019165,2.5576069355010986,0.0038461685180664062,0.15015572653004655
22,2025-12-04T12:42:08.240148,100,40638,self-play (warm-up),0,50,2.396299362182617,2.7233433723449707,-0.3270440101623535,-13.647877862157948
23,2025-12-04T12:47:26.791626,100,42451,self-play (warm-up),0,50,2.719902753829956,2.5989532470703125,0.12094950675964355,4.4468320269661055
24,2025-12-04T12:52:30.336020,100,44135,self-play (warm-up),0,50,2.611865520477295,2.6007039546966553,0.011161565780639648,0.42734075292666573
25,2025-12-04T12:57:58.126635,100,45985,self-play (warm-up),0,50,2.612363815307617,2.505114793777466,0.10724902153015137,4.1054397133242455
26,2025-12-04T13:03:46.391109,100,47870,self-play (warm-up),0,50,2.6706161499023438,2.6456589698791504,0.02495718002319336,0.9345101887482394
27,2025-12-04T13:09:27.822417,100,49830,self-play (warm-up),0,50,2.560181140899658,2.612506866455078,-0.05232572555541992,-2.0438290369185537
28,2025-12-04T13:15:11.396680,100,50000,self-play (warm-up),0,50,2.544773817062378,2.7035088539123535,-0.15873503684997559,-6.237687443405688
29,2025-12-04T13:20:44.851107,100,50000,self-play (warm-up),0,50,2.6405978202819824,2.799121856689453,-0.1585240364074707,-6.00333891022232
30,2025-12-04T13:25:52.643775,100,50000,self-play (warm-up),0,50,2.790494680404663,2.533385753631592,0.2571089267730713,9.213740079081129
31,2025-12-04T13:31:29.278139,100,50000,self-play (warm-up),0,50,3.0275087356567383,2.6776986122131348,0.3498101234436035,11.5543885744634
32,2025-12-04T13:36:19.724457,100,50000,self-play (warm-up),0,50,2.80348801612854,2.6543397903442383,0.14914822578430176,5.320095000451156
33,2025-12-04T13:41:34.354077,100,50000,self-play (warm-up),0,50,2.844418525695801,2.9374513626098633,-0.0930328369140625,-3.270715475715896
34,2025-12-04T13:47:11.718741,100,50000,self-play (warm-up),0,50,2.8308141231536865,2.86698842048645,-0.03617429733276367,-1.2778761076853562
35,2025-12-04T13:53:03.884783,100,50000,self-play (warm-up),0,50,2.9461467266082764,2.8856241703033447,0.06052255630493164,2.0542953872025125
36,2025-12-04T13:59:12.176036,100,50000,self-play (warm-up),0,50,2.885763168334961,3.068924903869629,-0.18316173553466797,-6.347081338637688
37,2025-12-04T14:04:28.610312,100,50000,self-play (warm-up),0,50,2.93367600440979,2.8242669105529785,0.10940909385681152,3.729419802744132
38,2025-12-04T14:10:09.292022,100,50000,self-play (warm-up),0,50,3.0495951175689697,2.9770314693450928,0.07256364822387695,2.3794518756221694
39,2025-12-04T14:15:42.694117,100,50000,self-play (warm-up),0,50,2.973196268081665,2.8994810581207275,0.0737152099609375,2.4793253897260965
40,2025-12-04T14:21:17.903751,100,50000,self-play (warm-up),0,50,3.1394600868225098,3.1379332542419434,0.0015268325805664062,0.0486336038153533
41,2025-12-04T14:27:12.969633,100,50000,self-play (warm-up),0,50,3.1549952030181885,2.895031690597534,0.2599635124206543,8.239743508071369
42,2025-12-04T14:32:47.136152,100,50000,self-play (warm-up),0,50,2.980752468109131,2.968430280685425,0.012322187423706055,0.4133918383207027
43,2025-12-04T14:37:36.109496,100,50000,self-play (warm-up),0,50,2.9725446701049805,2.9441094398498535,0.028435230255126953,0.9565955573721526
44,2025-12-04T14:42:19.497710,100,50000,self-play (warm-up),0,50,2.971597194671631,2.8419151306152344,0.12968206405639648,4.3640525805088695
45,2025-12-04T14:48:26.579402,100,50000,self-play (warm-up),0,50,3.1624627113342285,2.9559364318847656,0.2065262794494629,6.530552240482557
46,2025-12-04T14:53:56.310122,100,50000,self-play (warm-up),0,50,2.925114393234253,2.936577796936035,-0.011463403701782227,-0.3918959110897308
47,2025-12-04T14:59:12.934158,100,50000,self-play (warm-up),0,50,3.1032376289367676,2.8628182411193848,0.2404193878173828,7.74737279464336
48,2025-12-04T15:04:30.807548,100,50000,self-play (warm-up),0,50,2.9305949211120605,2.8013792037963867,0.12921571731567383,4.409197476758094
49,2025-12-04T15:09:41.696416,100,50000,self-play (warm-up),0,50,3.1312997341156006,2.94266939163208,0.1886303424835205,6.024027033515429
50,2025-12-04T15:15:35.630290,100,50000,self-play (warm-up),0,50,2.9834885597229004,3.139458656311035,-0.15597009658813477,-5.227775922915585
51,2025-12-04T15:21:11.542613,100,50000,self-play (warm-up),0,50,3.057669162750244,2.7001380920410156,0.3575310707092285,11.69292855698111
52,2025-12-04T15:25:22.230771,100,50000,self-play (warm-up),0,50,3.0227506160736084,2.7513535022735596,0.27139711380004883,8.978481795914053
53,2025-12-04T15:31:01.508908,100,50000,self-play (warm-up),0,50,3.0294721126556396,3.0571117401123047,-0.02763962745666504,-0.9123578771760371
54,2025-12-04T15:36:26.409647,100,50000,self-play (warm-up),0,50,2.8705639839172363,2.996121406555176,-0.12555742263793945,-4.373963560519594
55,2025-12-04T15:41:59.583497,100,50000,self-play (warm-up),0,50,2.95074462890625,3.003300189971924,-0.05255556106567383,-1.7810948650325782
56,2025-12-04T15:47:56.006319,100,50000,self-play (warm-up),0,50,2.805657386779785,3.111797332763672,-0.3061399459838867,-10.911522819087374
57,2025-12-04T15:53:21.404554,100,50000,self-play (warm-up),0,50,2.98565673828125,2.9262399673461914,0.059416770935058594,1.9900737473679906
58,2025-12-04T15:59:02.749568,100,50000,self-play (warm-up),0,50,3.0490431785583496,2.9835102558135986,0.06553292274475098,2.1492946772809
59,2025-12-04T16:04:16.653431,100,50000,self-play (warm-up),0,50,3.06888747215271,3.0167200565338135,0.052167415618896484,1.699880366819152
60,2025-12-04T16:09:42.978160,100,50000,self-play (warm-up),0,50,3.0401413440704346,2.8645524978637695,0.17558884620666504,5.775680349505387
61,2025-12-04T16:15:27.139280,100,50000,self-play (warm-up),0,50,3.0878548622131348,3.0695056915283203,0.018349170684814453,0.5942368247082439
62,2025-12-04T16:20:34.511335,100,50000,self-play (warm-up),0,50,3.026805877685547,2.8662846088409424,0.1605212688446045,5.303322225849098
1,2025-12-04T16:22:51.415198,25,1098,mixed (self-play + heuristic),25,25,3.0990548133850098,1.7271188497543335,1.3719359636306763,44.269496547953906
2,2025-12-04T16:23:38.729160,25,2154,mixed (self-play + heuristic),25,25,2.078768253326416,1.6144710779190063,0.46429717540740967,22.335206181085738
3,2025-12-04T16:24:22.941148,25,3174,mixed (self-play + heuristic),25,25,1.787105917930603,1.5215849876403809,0.26552093029022217,14.857593365125485
4,2025-12-04T16:25:49.462833,50,4129,mixed (self-play + heuristic),25,25,1.7277443408966064,1.6185840368270874,0.10916030406951904,6.318081991972882
5,2025-12-04T16:27:15.827024,50,5101,mixed (self-play + heuristic),25,25,1.738189458847046,1.7349070310592651,0.0032824277877807617,0.18884177274656933
6,2025-12-04T16:29:02.535251,50,6094,mixed (self-play + heuristic),25,25,1.9446296691894531,1.5816570520401,0.362972617149353,18.665385132205902
7,2025-12-04T16:30:27.140499,50,7067,mixed (self-play + heuristic),25,25,1.8649524450302124,1.728402018547058,0.1365504264831543,7.321925384587604
8,2025-12-04T16:31:51.814841,50,8031,mixed (self-play + heuristic),25,25,1.7572420835494995,1.8429689407348633,-0.08572685718536377,-4.878488740276572
9,2025-12-04T16:33:16.041608,50,8980,mixed (self-play + heuristic),25,25,1.8225291967391968,1.7855154275894165,0.03701376914978027,2.030901300017798
10,2025-12-04T16:34:36.749603,50,9897,mixed (self-play + heuristic),25,25,1.9618102312088013,1.8602663278579712,0.10154390335083008,5.176030878800248
2,2025-12-04T16:36:32.073203,25,483, heuristic,50,0,1.6216628551483154,1.2105073928833008,0.41115546226501465,25.353942156331303
3,2025-12-04T16:36:44.372528,25,729, heuristic,50,0,1.027431845664978,0.8528064489364624,0.17462539672851562,16.996299799865945
4,2025-12-04T16:37:05.953350,50,970, heuristic,50,0,0.9664480686187744,0.8785564303398132,0.08789163827896118,9.094294989339046
5,2025-12-04T16:37:28.832103,50,1211, heuristic,50,0,0.9291509985923767,0.8326065540313721,0.09654444456100464,10.390608707009438
6,2025-12-04T16:38:13.642019,50,1459, heuristic,50,0,0.8675234317779541,0.859932541847229,0.007590889930725098,0.8750069050201764
7,2025-12-04T16:38:36.923491,50,1697, heuristic,50,0,0.8217288851737976,0.8648594617843628,-0.043130576610565186,-5.248759948537402
8,2025-12-04T16:38:59.448792,50,1944, heuristic,50,0,0.9001954197883606,0.8657658696174622,0.03442955017089844,3.8246751109878963
9,2025-12-04T16:39:22.345115,50,2193, heuristic,50,0,0.7857723236083984,0.6852052807807922,0.1005670428276062,12.798496435428708
10,2025-12-04T16:39:45.881291,50,2440, heuristic,50,0,0.7994252443313599,0.7379734516143799,0.06145179271697998,7.6869967708335665
11,2025-12-04T16:40:49.807127,100,2683, heuristic,50,0,0.8596261739730835,0.8781266808509827,-0.01850050687789917,-2.1521572327645826
12,2025-12-04T16:41:34.504312,100,2923, heuristic,50,0,0.8362985253334045,0.8257321119308472,0.010566413402557373,1.2634738771475047
13,2025-12-04T16:42:18.703258,100,3166, heuristic,50,0,0.8108032941818237,0.833608090877533,-0.02280479669570923,-2.8126176668684355
14,2025-12-04T16:43:03.465884,100,3411, heuristic,50,0,0.8234410881996155,0.9615116119384766,-0.13807052373886108,-16.76750476961754
15,2025-12-04T16:43:49.456127,100,3654, heuristic,50,0,0.9186158776283264,0.8965734839439392,0.022042393684387207,2.399522392460279
16,2025-12-04T16:44:56.189379,100,3890, heuristic,50,0,0.8336558938026428,0.8558656573295593,-0.022209763526916504,-2.6641404075737727
17,2025-12-04T16:45:41.189813,100,4133, heuristic,50,0,0.9268660545349121,0.9071646332740784,0.01970142126083374,2.1255952965846427
18,2025-12-04T16:46:26.998971,100,4376, heuristic,50,0,0.9561086297035217,0.9636242985725403,-0.007515668869018555,-0.7860685109963997
19,2025-12-04T16:47:09.344061,100,4620, heuristic,50,0,0.9460305571556091,0.9382777810096741,0.007752776145935059,0.819505890934962
20,2025-12-04T16:47:56.173854,100,4866, heuristic,50,0,0.9622067213058472,0.9133656024932861,0.048841118812561035,5.075948622171014
21,2025-12-04T16:49:01.941929,100,5112, heuristic,50,0,0.9863919615745544,0.8912801146507263,0.09511184692382812,9.642398826122154
22,2025-12-04T16:49:46.687510,100,5352, heuristic,50,0,0.8885326385498047,0.9427934885025024,-0.054260849952697754,-6.106793110184245
23,2025-12-04T16:50:34.483853,100,5600, heuristic,50,0,0.9780803918838501,0.9392958283424377,0.038784563541412354,3.965375838555624
24,2025-12-04T16:51:17.255648,100,5836, heuristic,50,0,0.9348242878913879,0.9862874150276184,-0.05146312713623047,-5.505112329966515
25,2025-12-04T16:52:05.507098,100,6088, heuristic,50,0,0.9821358323097229,0.9509345293045044,0.031201303005218506,3.176882665185051
26,2025-12-04T16:53:05.219101,100,6323, heuristic,50,0,0.9440094232559204,0.9191309213638306,0.024878501892089844,2.6354082151302105
27,2025-12-04T16:53:51.958020,100,6568, heuristic,50,0,0.9763950109481812,0.9112643599510193,0.06513065099716187,6.670522715382704
28,2025-12-04T16:54:35.957194,100,6808, heuristic,50,0,0.9787577390670776,0.9319823980331421,0.04677534103393555,4.7790519724033445
29,2025-12-04T16:55:20.445333,100,7053, heuristic,50,0,0.9416922330856323,0.9454014301300049,-0.0037091970443725586,-0.3938863371760723
30,2025-12-04T16:56:08.693489,100,7302, heuristic,50,0,0.9702244997024536,0.8960961699485779,0.07412832975387573,7.64032755064516
31,2025-12-04T16:57:16.097695,100,7545, heuristic,50,0,0.9428216218948364,0.9975391626358032,-0.0547175407409668,-5.803594176276757
32,2025-12-04T16:58:04.156476,100,7792, heuristic,50,0,0.9573187828063965,0.9987605810165405,-0.04144179821014404,-4.328944438827023
33,2025-12-04T16:58:46.521560,100,8034, heuristic,50,0,1.0267066955566406,0.9521710276603699,0.07453566789627075,7.259684603094986
34,2025-12-04T16:59:32.105472,100,8282, heuristic,50,0,1.0554392337799072,1.0104867219924927,0.04495251178741455,4.259128365583251
35,2025-12-04T17:00:17.237066,100,8529, heuristic,50,0,0.9205526113510132,0.9507325887680054,-0.030179977416992188,-3.2784630715130687
36,2025-12-04T17:01:22.442871,100,8764, heuristic,50,0,1.0156313180923462,0.984931230545044,0.030700087547302246,3.0227590465569754
37,2025-12-04T17:02:09.650645,100,9009, heuristic,50,0,1.075206995010376,0.9907698631286621,0.08443713188171387,7.853104776434145
38,2025-12-04T17:02:55.428987,100,9251, heuristic,50,0,0.9715809226036072,1.0357979536056519,-0.06421703100204468,-6.609540132792873
39,2025-12-04T17:03:40.984778,100,9495, heuristic,50,0,0.9569342732429504,1.0053075551986694,-0.048373281955718994,-5.055026589421548
40,2025-12-04T17:04:25.343807,100,9734, heuristic,50,0,1.0692986249923706,0.9812407493591309,0.08805787563323975,8.235106038209675
41,2025-12-04T17:05:29.262411,100,9968, heuristic,50,0,1.049560308456421,1.0293711423873901,0.02018916606903076,1.923583228744882
42,2025-12-04T17:06:12.600904,100,10207, heuristic,50,0,1.0016825199127197,1.0074869394302368,-0.00580441951751709,-0.5794669870073055
43,2025-12-04T17:06:57.407738,100,10447, heuristic,50,0,1.0619398355484009,0.9800182580947876,0.08192157745361328,7.71433321467857
44,2025-12-04T17:07:41.551338,100,10686, heuristic,50,0,0.9740579724311829,1.0284491777420044,-0.05439120531082153,-5.583980302020912
45,2025-12-04T17:08:27.247541,100,10926, heuristic,50,0,1.0015028715133667,1.0140544176101685,-0.012551546096801758,-1.2532711042390894
46,2025-12-04T17:09:34.416143,100,11174, heuristic,50,0,0.996039628982544,1.027469515800476,-0.03142988681793213,-3.155485575412076
47,2025-12-04T17:10:20.446474,100,11419, heuristic,50,0,0.9218174815177917,0.9865274429321289,-0.06470996141433716,-7.019823632308519
48,2025-12-04T17:11:02.606757,100,11663, heuristic,50,0,1.085593819618225,1.0584416389465332,0.027152180671691895,2.5011362611884254
49,2025-12-04T17:11:48.689091,100,11906, heuristic,50,0,1.1154879331588745,1.0063751935958862,0.10911273956298828,9.7816154096799
50,2025-12-04T17:12:32.720820,100,12149, heuristic,50,0,1.046209454536438,1.0138990879058838,0.0323103666305542,3.0883267676901762
51,2025-12-04T17:13:40.839255,100,12390, heuristic,50,0,1.0586657524108887,1.0117663145065308,0.04689943790435791,4.430051486746813
52,2025-12-04T17:14:27.686374,100,12635, heuristic,50,0,1.107774257659912,1.1045411825180054,0.0032330751419067383,0.29185324713505806
53,2025-12-04T17:15:11.006167,100,12874, heuristic,50,0,1.0513091087341309,1.0182737112045288,0.03303539752960205,3.1423105968690397
54,2025-12-04T17:15:57.637124,100,13116, heuristic,50,0,0.944942831993103,1.008178949356079,-0.06323611736297607,-6.692057468661513
55,2025-12-04T17:16:40.610604,100,13356, heuristic,50,0,1.0178616046905518,1.1011958122253418,-0.08333420753479004,-8.187184500404172
56,2025-12-04T17:17:45.508057,100,13602, heuristic,50,0,1.051055669784546,1.0575494766235352,-0.006493806838989258,-0.6178366213770972
57,2025-12-04T17:18:28.357233,100,13841, heuristic,50,0,1.0546455383300781,1.0051411390304565,0.04950439929962158,4.693937204532877
58,2025-12-04T17:19:10.518034,100,14076, heuristic,50,0,1.1027328968048096,1.0166834592819214,0.08604943752288818,7.8032892436797825
59,2025-12-04T17:19:57.106858,100,14317, heuristic,50,0,0.9769935607910156,0.962956964969635,0.014036595821380615,1.4367132379067054
60,2025-12-04T17:20:41.574803,100,14550, heuristic,50,0,1.0171871185302734,1.0524564981460571,-0.03526937961578369,-3.467344304039573
61,2025-12-04T17:21:46.995740,100,14793, heuristic,50,0,1.0470401048660278,1.046953558921814,8.654594421386719e-05,0.008265771655894786
62,2025-12-04T17:22:29.855318,100,15026, heuristic,50,0,1.048700213432312,1.0260869264602661,0.0226132869720459,2.1563156641338344
63,2025-12-04T17:23:12.778309,100,15272, heuristic,50,0,1.0330263376235962,0.979990541934967,0.05303579568862915,5.1340216369153024
64,2025-12-04T17:23:59.412478,100,15519, heuristic,50,0,1.0774264335632324,1.0036035776138306,0.07382285594940186,6.8517769426964135
65,2025-12-04T17:24:43.615571,100,15759, heuristic,50,0,1.029219627380371,1.02378249168396,0.005437135696411133,0.5282774979962287
66,2025-12-04T17:25:48.848709,100,15994, heuristic,50,0,1.026998519897461,1.0201398134231567,0.006858706474304199,0.6678399570613789
67,2025-12-04T17:26:36.127073,100,16239, heuristic,50,0,1.0429190397262573,0.9894679188728333,0.05345112085342407,5.125145751241993
68,2025-12-04T17:27:20.961496,100,16486, heuristic,50,0,1.0579591989517212,1.0835565328598022,-0.025597333908081055,-2.419501048192045
69,2025-12-04T17:28:08.963960,100,16732, heuristic,50,0,1.0326642990112305,1.0155138969421387,0.017150402069091797,1.6607916130646907
70,2025-12-04T17:28:50.506947,100,16974, heuristic,50,0,1.049783706665039,1.0824705362319946,-0.032686829566955566,-3.1136727841581138
71,2025-12-04T17:29:54.678467,100,17214, heuristic,50,0,1.0999835729599,1.0780830383300781,0.021900534629821777,1.9909874263749725
72,2025-12-04T17:30:38.996139,100,17457, heuristic,50,0,1.04570472240448,0.9938241839408875,0.05188053846359253,4.961299050490954
73,2025-12-04T17:31:22.350816,100,17698, heuristic,50,0,1.0420026779174805,1.064497709274292,-0.022495031356811523,-2.1588266358172428
74,2025-12-04T17:32:09.799969,100,17944, heuristic,50,0,1.1090171337127686,0.9976254105567932,0.11139172315597534,10.044184149171622
75,2025-12-04T17:32:56.199845,100,18191, heuristic,50,0,1.05711829662323,1.0018787384033203,0.05523955821990967,5.225485018693015
76,2025-12-04T17:34:04.328117,100,18444, heuristic,50,0,1.0664647817611694,1.0310767889022827,0.03538799285888672,3.318252366519471
77,2025-12-04T17:34:47.036015,100,18690, heuristic,50,0,1.0946125984191895,1.0251020193099976,0.0695105791091919,6.350244754132853
78,2025-12-04T17:35:29.005765,100,18922, heuristic,50,0,1.03936767578125,1.152095079421997,-0.11272740364074707,-10.845767697750896
79,2025-12-04T17:36:14.086872,100,19173, heuristic,50,0,1.1343964338302612,1.0558624267578125,0.07853400707244873,6.922977252959145
80,2025-12-04T17:36:58.462362,100,19414, heuristic,50,0,1.0237399339675903,1.105313777923584,-0.08157384395599365,-7.968219393361686
81,2025-12-04T17:38:03.263282,100,19655, heuristic,50,0,1.061484694480896,1.0360602140426636,0.025424480438232422,2.3951810676522194
82,2025-12-04T17:38:48.470161,100,19892, heuristic,50,0,1.1122517585754395,1.0874353647232056,0.024816393852233887,2.23118495079014
83,2025-12-04T17:39:32.731507,100,20133, heuristic,50,0,1.0224696397781372,1.0887441635131836,-0.06627452373504639,-6.481808472027308
84,2025-12-04T17:40:18.058023,100,20371, heuristic,50,0,1.0758202075958252,0.9982145428657532,0.07760566473007202,7.2136277216339195
85,2025-12-04T17:40:59.701990,100,20612, heuristic,50,0,1.038791537284851,1.080381989479065,-0.04159045219421387,-4.003734214366168
86,2025-12-04T17:42:05.553260,100,20860, heuristic,50,0,1.0198224782943726,1.0380573272705078,-0.018234848976135254,-1.7880414841054082
87,2025-12-04T17:42:51.667540,100,21111, heuristic,50,0,1.0791743993759155,1.0878868103027344,-0.008712410926818848,-0.8073218686300581
88,2025-12-04T17:43:35.964354,100,21351, heuristic,50,0,1.0998542308807373,1.0470026731491089,0.05285155773162842,4.805323855444565
89,2025-12-04T17:44:22.791228,100,21592, heuristic,50,0,1.0273792743682861,1.0954056978225708,-0.06802642345428467,-6.621354464845777
90,2025-12-04T17:45:08.462368,100,21842, heuristic,50,0,1.0721392631530762,1.0508737564086914,0.021265506744384766,1.9834649728100249
91,2025-12-04T17:46:13.985639,100,22087, heuristic,50,0,1.0186911821365356,1.1093037128448486,-0.09061253070831299,-8.894995097362896
92,2025-12-04T17:46:55.779365,100,22329, heuristic,50,0,1.0459206104278564,1.0316636562347412,0.014256954193115234,1.3631009897857467
93,2025-12-04T17:47:41.510246,100,22572, heuristic,50,0,1.1123590469360352,1.0479247570037842,0.06443428993225098,5.792580202384617
94,2025-12-04T17:48:24.602943,100,22813, heuristic,50,0,1.0703469514846802,1.0934202671051025,-0.023073315620422363,-2.155685648323408
95,2025-12-04T17:49:09.032768,100,23054, heuristic,50,0,1.0542793273925781,1.0447419881820679,0.009537339210510254,0.9046311506550929
96,2025-12-04T17:50:15.657188,100,23292, heuristic,50,0,1.0709712505340576,1.0963447093963623,-0.025373458862304688,-2.3692007464861256
97,2025-12-04T17:51:00.863006,100,23535, heuristic,50,0,1.0761923789978027,1.0554505586624146,0.020741820335388184,1.9273338800915756
98,2025-12-04T17:51:46.721277,100,23778, heuristic,50,0,1.0920488834381104,1.06098473072052,0.031064152717590332,2.844575292251634
99,2025-12-04T17:52:30.948771,100,24017, heuristic,50,0,1.0522726774215698,1.1362500190734863,-0.0839773416519165,-7.98056848322717
100,2025-12-04T17:53:14.563471,100,24267, heuristic,50,0,1.0933680534362793,1.0947927236557007,-0.0014246702194213867,-0.13030106513025308
101,2025-12-04T17:54:21.580487,100,24504, heuristic,50,0,1.0567007064819336,1.0799957513809204,-0.023295044898986816,-2.2045073648661453
102,2025-12-04T17:55:07.032816,100,24747, heuristic,50,0,1.0811874866485596,1.008246660232544,0.07294082641601562,6.746362431747702
103,2025-12-04T17:55:52.537235,100,24992, heuristic,50,0,1.0388096570968628,1.1361494064331055,-0.09733974933624268,-9.370316175946595
104,2025-12-04T17:56:38.632624,100,25234, heuristic,50,0,1.0765457153320312,1.0561858415603638,0.02035987377166748,1.8912224053010172
105,2025-12-04T17:57:24.011002,100,25485, heuristic,50,0,1.0981509685516357,1.0511595010757446,0.04699146747589111,4.279144564054678
106,2025-12-04T17:58:32.250459,100,25727, heuristic,50,0,1.0766279697418213,0.9907788634300232,0.0858491063117981,7.973887798250772
107,2025-12-04T17:59:14.105508,100,25969, heuristic,50,0,0.9988389611244202,1.0905214548110962,-0.09168249368667603,-9.178906435874962
108,2025-12-04T17:59:59.645503,100,26207, heuristic,50,0,1.0474127531051636,1.0748265981674194,-0.02741384506225586,-2.617291510055103
109,2025-12-04T18:00:43.766692,100,26445, heuristic,50,0,1.0667568445205688,1.002036690711975,0.06472015380859375,6.067001504703805
110,2025-12-04T18:01:27.608734,100,26688, heuristic,50,0,1.0883623361587524,1.0819809436798096,0.006381392478942871,0.5863297788735735
111,2025-12-04T18:02:37.433457,100,26934, heuristic,50,0,1.072873830795288,1.0231882333755493,0.04968559741973877,4.631075527577029
112,2025-12-04T18:03:20.327330,100,27169, heuristic,50,0,1.130002498626709,1.0268466472625732,0.10315585136413574,9.128816218504026
113,2025-12-04T18:04:05.762990,100,27413, heuristic,50,0,1.0603179931640625,1.077118992805481,-0.016800999641418457,-1.5845246190044466
114,2025-12-04T18:04:50.616061,100,27659, heuristic,50,0,1.0884311199188232,1.1117205619812012,-0.02328944206237793,-2.139725852759051
115,2025-12-04T18:05:36.783374,100,27904, heuristic,50,0,1.0760606527328491,1.0817981958389282,-0.0057375431060791016,-0.5331988574721677
116,2025-12-04T18:06:41.045148,100,28140, heuristic,50,0,1.0682364702224731,1.0866984128952026,-0.018461942672729492,-1.7282636557881765
117,2025-12-04T18:07:26.107925,100,28383, heuristic,50,0,1.128710389137268,1.064247727394104,0.06446266174316406,5.7111782051050515
118,2025-12-04T18:08:12.020534,100,28620, heuristic,50,0,1.1803209781646729,1.1111304759979248,0.06919050216674805,5.8620073223077895
119,2025-12-04T18:08:55.993510,100,28857, heuristic,50,0,1.116611361503601,1.0843013525009155,0.03231000900268555,2.893576952251112
120,2025-12-04T18:09:40.672054,100,29109, heuristic,50,0,1.0591572523117065,1.099825382232666,-0.04066812992095947,-3.8396687396699214
121,2025-12-04T18:10:45.122469,100,29357, heuristic,50,0,1.1055173873901367,1.0765647888183594,0.028952598571777344,2.6189184269754033
122,2025-12-04T18:11:30.073683,100,29599, heuristic,50,0,1.109635829925537,1.0253826379776,0.08425319194793701,7.592868730058121
123,2025-12-04T18:12:14.564897,100,29840, heuristic,50,0,1.1242151260375977,1.1020148992538452,0.02220022678375244,1.9747311941976118
124,2025-12-04T18:13:00.143930,100,30077, heuristic,50,0,1.1080272197723389,1.0884929895401,0.01953423023223877,1.7629738587335766
125,2025-12-04T18:13:45.866771,100,30317, heuristic,50,0,1.0938572883605957,1.0572658777236938,0.036591410636901855,3.3451722657297234
126,2025-12-04T18:14:53.375288,100,30557, heuristic,50,0,1.0736157894134521,1.00395929813385,0.06965649127960205,6.488027837002792
127,2025-12-04T18:15:36.925071,100,30794, heuristic,50,0,1.1093090772628784,1.0662782192230225,0.04303085803985596,3.8790684149119894
128,2025-12-04T18:16:19.083438,100,31032, heuristic,50,0,1.042948603630066,1.031695008277893,0.011253595352172852,1.0790172509943265
129,2025-12-04T18:17:03.018352,100,31277, heuristic,50,0,1.0899869203567505,1.0971260070800781,-0.007139086723327637,-0.6549699441339194
130,2025-12-04T18:17:48.865728,100,31518, heuristic,50,0,1.1100026369094849,1.0771119594573975,0.0328906774520874,2.9631170556191635
131,2025-12-04T18:18:52.100523,100,31758, heuristic,50,0,1.0687825679779053,1.0943148136138916,-0.025532245635986328,-2.388909250671288
132,2025-12-04T18:19:36.854149,100,32001, heuristic,50,0,1.0161062479019165,1.0525404214859009,-0.036434173583984375,-3.5856657371426106
133,2025-12-04T18:20:23.223778,100,32245, heuristic,50,0,1.049645185470581,1.087937355041504,-0.03829216957092285,-3.648106055357702
134,2025-12-04T18:21:06.192096,100,32480, heuristic,50,0,1.0690362453460693,1.0695444345474243,-0.0005081892013549805,-0.047537134832174845
135,2025-12-04T18:21:50.521023,100,32725, heuristic,50,0,1.0880100727081299,1.1138825416564941,-0.025872468948364258,-2.3779622631586443
136,2025-12-04T18:22:53.753450,100,32966, heuristic,50,0,1.0447795391082764,1.1206657886505127,-0.07588624954223633,-7.2633743963827575
137,2025-12-04T18:23:39.069750,100,33208, heuristic,50,0,1.0675048828125,1.080765962600708,-0.013261079788208008,-1.2422500357347055
138,2025-12-04T18:24:22.668837,100,33456, heuristic,50,0,1.053439974784851,1.1414059400558472,-0.0879659652709961,-8.350353829031578
1,2025-12-04T18:34:58.451739,25,5247, heuristic,50,0,7.416562557220459,4.070038795471191,3.3465237617492676,45.122302089816934
2,2025-12-04T18:35:10.191478,25,5504, heuristic,50,0,4.112593650817871,3.5148022174835205,0.5977914333343506,14.535630895978938
3,2025-12-04T18:35:22.162503,25,5742, heuristic,50,0,3.385326862335205,3.0090010166168213,0.3763258457183838,11.116381401906741
4,2025-12-04T18:35:47.358488,50,5993, heuristic,50,0,2.8658769130706787,2.49947452545166,0.36640238761901855,12.785000847312464
5,2025-12-04T18:36:09.396617,50,6239, heuristic,50,0,2.3352620601654053,2.403691291809082,-0.06842923164367676,-2.930259212057338
6,2025-12-04T18:36:56.845832,50,6489, heuristic,50,0,2.3301403522491455,2.049434185028076,0.28070616722106934,12.046749327787076
7,2025-12-04T18:37:18.789304,50,6733, heuristic,50,0,1.9496500492095947,1.6629894971847534,0.2866605520248413,14.703179790704288
8,2025-12-04T18:37:42.494503,50,6975, heuristic,50,0,1.6993606090545654,1.7047860622406006,-0.005425453186035156,-0.3192643843294445
9,2025-12-04T18:38:06.897187,50,7224, heuristic,50,0,1.6408685445785522,1.3890881538391113,0.2517803907394409,15.344336483950899
10,2025-12-04T18:38:31.226130,50,7476, heuristic,50,0,1.5611222982406616,1.3719391822814941,0.18918311595916748,12.118404571657917
1,2025-12-04T18:41:12.845681,25,7251,self-play (warm-up),0,50,2.69730806350708,2.668599843978882,0.028708219528198242,1.0643285398728755
2,2025-12-04T18:42:51.919239,25,9435,self-play (warm-up),0,50,2.6357555389404297,2.422903060913086,0.21285247802734375,8.075577377441846
3,2025-12-04T18:44:21.209847,25,11420,self-play (warm-up),0,50,2.620558261871338,2.452638864517212,0.16791939735412598,6.407771954446642
1,2025-12-04T18:47:00.216939,25,6978,self-play (warm-up),0,50,4.979391098022461,4.941544055938721,0.037847042083740234,0.7600736985446069
2,2025-12-04T18:48:14.699670,25,8643,self-play (warm-up),0,50,4.973655700683594,5.055808067321777,-0.0821523666381836,-1.6517501729541177
3,2025-12-04T18:49:32.878910,25,10364,self-play (warm-up),0,50,5.0816216468811035,4.927064418792725,0.1545572280883789,3.041494208511961
4,2025-12-04T18:51:54.010569,50,11949,self-play (warm-up),0,50,4.852858543395996,4.475172519683838,0.3776860237121582,7.78275361490047
5,2025-12-04T18:54:20.427728,50,13649,self-play (warm-up),0,50,4.570667266845703,4.456019401550293,0.11464786529541016,2.508339780649372
6,2025-12-04T18:57:53.658105,50,15800,self-play (warm-up),0,50,4.560516357421875,4.338100433349609,0.22241592407226562,4.876989942384518
7,2025-12-04T19:00:50.907907,50,17848,self-play (warm-up),0,50,4.364627361297607,4.495721817016602,-0.13109445571899414,-3.00356582285686
8,2025-12-04T19:03:45.708940,50,19852,self-play (warm-up),0,50,4.354549407958984,4.395687103271484,-0.0411376953125,-0.9447061327932342
9,2025-12-04T19:06:45.488199,50,21952,self-play (warm-up),0,50,4.4276275634765625,4.295373916625977,0.13225364685058594,2.987009294583501
10,2025-12-04T19:09:50.825590,50,24055,self-play (warm-up),0,50,4.396229267120361,4.265113353729248,0.13111591339111328,2.9824630478609557
11,2025-12-04T19:15:58.046378,100,26026,self-play (warm-up),0,50,4.3741984367370605,4.325529098510742,0.04866933822631836,1.1126458694138102
12,2025-12-04T19:21:22.262887,100,27893,self-play (warm-up),0,50,4.369472503662109,4.236058235168457,0.13341426849365234,3.0533266517145075
13,2025-12-04T19:27:21.504625,100,29934,self-play (warm-up),0,50,4.369287490844727,4.205868721008301,0.16341876983642578,3.7401697686144146
14,2025-12-04T19:33:01.044164,100,31869,self-play (warm-up),0,50,4.390674114227295,4.28118371963501,0.10949039459228516,2.493703512121262
15,2025-12-04T19:39:17.964916,100,34032,self-play (warm-up),0,50,4.433668613433838,4.273425102233887,0.16024351119995117,3.6142419556215764
16,2025-12-04T19:45:08.940682,100,35984,self-play (warm-up),0,50,4.467477798461914,4.185016632080078,0.28246116638183594,6.322609291513056
17,2025-12-04T19:51:12.934269,100,38086,self-play (warm-up),0,50,4.323387622833252,4.1652607917785645,0.1581268310546875,3.65747522196638
18,2025-12-04T19:57:46.304449,100,40349,self-play (warm-up),0,50,4.232664108276367,4.237916946411133,-0.005252838134765625,-0.12410240927208124
19,2025-12-04T20:04:03.708503,100,42475,self-play (warm-up),0,50,4.409914016723633,4.286103248596191,0.1238107681274414,2.8075551509148746
20,2025-12-04T20:09:47.469927,100,44441,self-play (warm-up),0,50,4.084211349487305,4.326261043548584,-0.2420496940612793,-5.926473273516172
21,2025-12-04T20:18:29.254256,100,46261,self-play (warm-up),0,50,4.404240608215332,4.327485084533691,0.07675552368164062,1.7427640882849764
22,2025-12-04T20:29:52.096981,100,48406,self-play (warm-up),0,50,4.2326979637146,4.082577228546143,0.15012073516845703,3.5466914118462554
23,2025-12-04T20:40:49.141445,100,50000,self-play (warm-up),0,50,4.307082176208496,4.160853862762451,0.14622831344604492,3.3950667171799593
24,2025-12-04T20:51:48.643543,100,50000,self-play (warm-up),0,50,4.409427165985107,4.226579666137695,0.1828474998474121,4.146740448689604
25,2025-12-04T21:02:55.041252,100,50000,self-play (warm-up),0,50,4.4675517082214355,4.424957275390625,0.04259443283081055,0.953417791503698
26,2025-12-04T21:14:21.861327,100,50000,self-play (warm-up),0,50,4.285730361938477,4.453927516937256,-0.1681971549987793,-3.9245855617174694
27,2025-12-04T21:25:10.469056,100,50000,self-play (warm-up),0,50,4.399269104003906,4.226790904998779,0.17247819900512695,3.92061033156961
28,2025-12-04T21:36:35.078304,100,50000,self-play (warm-up),0,50,4.445539951324463,4.239534378051758,0.20600557327270508,4.633983172535198
29,2025-12-04T21:47:35.460160,100,50000,self-play (warm-up),0,50,4.451228618621826,4.197136402130127,0.2540922164916992,5.708361404505221
30,2025-12-04T21:58:39.860435,100,50000,self-play (warm-up),0,50,4.250607967376709,4.195452690124512,0.055155277252197266,1.2975856083532613
31,2025-12-04T22:00:50.576319,100,50000, heuristic,50,0,4.374174118041992,4.312523365020752,0.061650753021240234,1.4094261306826283
32,2025-12-04T22:02:12.671795,100,50000, heuristic,50,0,4.26798677444458,4.190212249755859,0.0777745246887207,1.8222766095342926
33,2025-12-04T22:03:36.124638,100,50000, heuristic,50,0,4.131082057952881,4.132777214050293,-0.0016951560974121094,-0.04103419088828577
34,2025-12-04T22:05:02.267363,100,50000, heuristic,50,0,4.150275707244873,4.074109077453613,0.07616662979125977,1.8352185532710636
35,2025-12-04T22:06:29.624781,100,50000, heuristic,50,0,4.221614837646484,4.015822887420654,0.20579195022583008,4.87472112307994
36,2025-12-04T22:08:44.361128,100,50000, heuristic,50,0,4.199857234954834,4.023217678070068,0.17663955688476562,4.205846699135839
37,2025-12-04T22:10:12.784540,100,50000, heuristic,50,0,3.998136520385742,3.904081106185913,0.0940554141998291,2.352481305234534
38,2025-12-04T22:11:38.794257,100,50000, heuristic,50,0,4.079991817474365,3.984055995941162,0.09593582153320312,2.3513728905610947
39,2025-12-04T22:13:09.268851,100,50000, heuristic,50,0,3.9917168617248535,4.011486053466797,-0.01976919174194336,-0.4952553607071452
40,2025-12-04T22:14:39.246872,100,50000, heuristic,50,0,3.9773452281951904,3.9807446002960205,-0.003399372100830078,-0.08546836912049044
41,2025-12-04T22:16:52.760978,100,50000, heuristic,50,0,4.106056213378906,3.995018482208252,0.1110377311706543,2.7042428403404752
42,2025-12-04T22:18:28.355131,100,50000, heuristic,50,0,3.9078428745269775,3.974548816680908,-0.06670594215393066,-1.70697605547933
43,2025-12-04T22:19:59.006842,100,50000, heuristic,50,0,4.018951892852783,3.986614942550659,0.03233695030212402,0.8046115296784556
44,2025-12-04T22:21:33.804405,100,50000, heuristic,50,0,3.863215446472168,3.8977811336517334,-0.03456568717956543,-0.8947387910019441
45,2025-12-04T22:23:06.095580,100,50000, heuristic,50,0,3.9401116371154785,3.9176270961761475,0.022484540939331055,0.5706574587260119
46,2025-12-04T22:25:20.095400,100,50000, heuristic,50,0,3.7779059410095215,3.7619309425354004,0.015974998474121094,0.42285326113366123
47,2025-12-04T22:26:55.142225,100,50000, heuristic,50,0,3.7491908073425293,3.739070415496826,0.010120391845703125,0.269935363809253
48,2025-12-04T22:27:47.176749,100,50000, heuristic,50,0,3.9099502563476562,3.756420850753784,0.15352940559387207,3.926633218533225
49,2025-12-04T22:28:38.067581,100,50000, heuristic,50,0,3.6900603771209717,3.7762041091918945,-0.08614373207092285,-2.334480286692035
50,2025-12-04T22:29:26.820661,100,50000, heuristic,50,0,3.7299857139587402,3.8707406520843506,-0.14075493812561035,-3.7736052875179276
51,2025-12-04T22:30:47.899439,100,50000, heuristic,50,0,3.693312406539917,3.7990634441375732,-0.10575103759765625,-2.86331146562089
52,2025-12-04T22:31:41.685016,100,50000, heuristic,50,0,3.7897732257843018,3.7477951049804688,0.04197812080383301,1.1076684092395936
53,2025-12-04T22:32:39.886652,100,50000, heuristic,50,0,3.732506036758423,3.6318726539611816,0.10063338279724121,2.6961344953279296
54,2025-12-04T22:33:34.104367,100,50000, heuristic,50,0,3.6043307781219482,3.675365924835205,-0.07103514671325684,-1.9708276261556104
55,2025-12-04T22:34:25.885598,100,50000, heuristic,50,0,3.780113458633423,3.6747946739196777,0.10531878471374512,2.7861276087681164
56,2025-12-04T22:35:37.581047,100,50000, heuristic,50,0,3.5760750770568848,3.647489309310913,-0.07141423225402832,-1.997000362553975
57,2025-12-04T22:36:29.587556,100,50000, heuristic,50,0,3.6515588760375977,3.705690622329712,-0.05413174629211426,-1.4824284128989325
58,2025-12-04T22:37:21.620591,100,50000, heuristic,50,0,3.603957414627075,3.5902462005615234,0.013711214065551758,0.38044883687868286
59,2025-12-04T22:38:12.160299,100,50000, heuristic,50,0,3.7001988887786865,3.510927200317383,0.1892716884613037,5.115176079731651
60,2025-12-04T22:39:03.905474,100,50000, heuristic,50,0,3.5409648418426514,3.5519373416900635,-0.01097249984741211,-0.30987316557772504
61,2025-12-04T22:40:13.418954,100,50000, heuristic,50,0,3.564798355102539,3.5919411182403564,-0.027142763137817383,-0.761410897168029
62,2025-12-04T22:41:01.162168,100,50000, heuristic,50,0,3.5700085163116455,3.6100659370422363,-0.04005742073059082,-1.1220539264140508
63,2025-12-04T22:41:55.386038,100,50000, heuristic,50,0,3.435643434524536,3.5503618717193604,-0.11471843719482422,-3.339067030123872
64,2025-12-04T22:42:46.705157,100,50000, heuristic,50,0,3.584670066833496,3.6534342765808105,-0.06876420974731445,-1.918285601331702
65,2025-12-04T22:43:38.695335,100,50000, heuristic,50,0,3.72373104095459,3.630375623703003,0.09335541725158691,2.507039746556319
66,2025-12-04T22:44:54.682496,100,50000, heuristic,50,0,3.5847606658935547,3.5401506423950195,0.044610023498535156,1.244435198225861
67,2025-12-04T22:45:49.000013,100,50000, heuristic,50,0,3.4484360218048096,3.273496389389038,0.17493963241577148,5.073013717221677
68,2025-12-04T22:46:38.600447,100,50000, heuristic,50,0,3.3326492309570312,3.530247926712036,-0.19759869575500488,-5.929177722020892
69,2025-12-04T22:47:28.443066,100,50000, heuristic,50,0,3.3860180377960205,3.290706157684326,0.09531188011169434,2.81486628387052
70,2025-12-04T22:48:22.917787,100,50000, heuristic,50,0,3.274956464767456,3.4059557914733887,-0.13099932670593262,-4.000032614639182
71,2025-12-04T22:49:34.750811,100,50000, heuristic,50,0,3.6003894805908203,3.5572266578674316,0.04316282272338867,1.1988375967676057
72,2025-12-04T22:50:26.506755,100,50000, heuristic,50,0,3.358393907546997,3.4364588260650635,-0.0780649185180664,-2.324471776304697
73,2025-12-04T22:51:16.971612,100,50000, heuristic,50,0,3.5358481407165527,3.350893020629883,0.18495512008666992,5.230855871801895
74,2025-12-04T22:52:10.680972,100,50000, heuristic,50,0,3.3776726722717285,3.293818235397339,0.08385443687438965,2.4826099214045954
75,2025-12-04T22:53:00.545529,100,50000, heuristic,50,0,3.268465042114258,3.4048733711242676,-0.13640832901000977,-4.173467583479855
76,2025-12-04T22:54:16.022304,100,50000, heuristic,50,0,3.358088254928589,3.4755914211273193,-0.11750316619873047,-3.4991089357545553
